ref_audio,transcription
abena.wav,"se woy…õ nipa a mmaa …õda n'akoma so yi. Uh huh. Na wokae Bible a, Bible se ber…õ a Nyankop…în b…î…î wiase"
afia.wav,"Y…õda ase. Ma me nsan wishi Owura Eric, manager …õy…õ Asmo"
akua.wav,"Nsuo no, …õny…õ nsuo biara na …õy…õ nsuo oo. ∆ênky…õ y…õ biara, …õna nhwehw…õmu ab…õ da no adi s…õ nsuo no worenom a …õy…õ a checki"
akwasi.wav,"Na y'ay…õ ama no ay…õ f…õf…õ…õf…õ. ∆êsiane s…õ, Kwabena de…õ"
kofi.wav,K…îp…õ k…îp…õ wo b…îne ho af…îreb…î na b…î. M…õmfa me bata me ho. Wo
kwabena.wav,"Na …õhefa na …õfiri? Me nua Kofi rekasa no, …îkasa y…õ ara"
kwadwo.wav,"∆êff…î a ab…õka me nsa an…îpa yi a y…õb…õhy…õ ase…õ adi nk…îmm…î. Uh s…õde…õ medikan kaae…õ no, …õ…õ"
kwaku.wav,Me kyea atiefo…î ne ahw…õfo…î nyinaa. Na
kwame.wav,saase. Na …õy…õ d…õn na obi ba w'asase so b…õtu ade…õ a s…õbe
yaa.wav,"y…õnni case. ∆êsiane s…õ, de…õ …îmo se y…õny…î no, saa na y…õ…õy…õ no. ∆êy…õ detoxification. Tea"
yaw.wav,"Mo nne…õma nso …õstarti te te te te te a, NDCfo…î nso ba a, …îmo ab…õto so. Enti …õny…õ b…îne. S…õbe, d…îkta adu"
